customer_id,full_name,city_id,city_name,region
C0001,Fares Mekki,9,Biskra,South
C0002,Zineb Oukil,10,Ghardaia,South
C0003,Amel Rahmani,2,Oran,West
C0004,Manel Mekki,5,Ouargla,South
C0005,Youcef Mekki,10,Ghardaia,South
C0006,Zineb Diaf,11,Guelma,East
C0007,Zineb Toumi,11,Guelma,East
C0008,Chahinez Boukhalfa,4,Annaba,East
C0009,Imane Talbi,5,Ouargla,South
C0010,Omar Brahami,9,Biskra,South
C0011,Chahinez Boukhalfa,4,Annaba,East
C0012,Imane Diaf,12,Skikda,East
C0013,Yacine Bouchareb,8,Tlemcen,West
C0014,Fares Guellil,1,Alger,North
C0015,Asma Haddad,6,Setif,East
C0016,Hichem Brahami,7,Bejaia,North
C0017,Lina Bouzid,9,Biskra,South
C0018,Ryad Boukhalfa,3,Constantine,East
C0019,Ryad Chaouch,4,Annaba,East
C0020,Khadidja Djedid,5,Ouargla,South
C0021,Lotfi Boukhalfa,1,Alger,North
C0022,Lina Bouchareb,11,Guelma,East
C0023,Asma Haddad,10,Ghardaia,South
C0024,Houda Mekki,10,Ghardaia,South
C0025,Khadidja Mansouri,9,Biskra,South
C0026,Manel Diaf,6,Setif,East
C0027,Amel Bouchareb,1,Alger,North
C0028,Nour Kherief,6,Setif,East
C0029,Karim Bouchareb,3,Constantine,East
C0030,Rym Khelifa,12,Skikda,East
C0031,Yacine Kherief,12,Skikda,East
C0032,Nour Djerbal,5,Ouargla,South
C0033,Youcef Zerrouki,4,Annaba,East
C0034,Amel Bouzid,7,Bejaia,North
C0035,Chahinez Diaf,12,Skikda,East
C0036,Nour Guellil,9,Biskra,South
C0037,Lina Guellil,12,Skikda,East
C0038,Yacine Boukhalfa,12,Skikda,East
C0039,Chahinez Mansouri,9,Biskra,South
C0040,Manel Zerrouki,11,Guelma,East
C0041,Khadidja Talbi,5,Ouargla,South
C0042,Fatima Talbi,9,Biskra,South
C0043,Zineb Mekki,10,Ghardaia,South
C0044,Omar Kherief,7,Bejaia,North
C0045,Amine Bouzid,1,Alger,North
C0046,Fatima Saidi,3,Constantine,East
C0047,Sarah Kherief,12,Skikda,East
C0048,Mehdi Rahmani,8,Tlemcen,West
C0049,Walid Brahami,11,Guelma,East
C0050,Mehdi Khelifa,10,Ghardaia,South
C0051,Walid Kherief,11,Guelma,East
C0052,Sami Haddad,9,Biskra,South
C0053,Fares Djedid,12,Skikda,East
C0054,Hichem Boukhalfa,6,Setif,East
C0055,Mehdi Toumi,1,Alger,North
C0056,Amine Saidi,4,Annaba,East
C0057,Mehdi Mebarki,2,Oran,West
C0058,Omar Benali,3,Constantine,East
C0059,Imane Kherief,4,Annaba,East
C0060,Youcef Mebarki,6,Setif,East
C0061,Meriem Djerbal,4,Annaba,East
C0062,Karim Kherief,2,Oran,West
C0063,Amine Toumi,2,Oran,West
C0064,Khaled Rahmani,12,Skikda,East
C0065,Nour Guellil,6,Setif,East
C0066,Samia Oukil,9,Biskra,South
C0067,Sofiane Guellil,11,Guelma,East
C0068,Houda Djerbal,10,Ghardaia,South
C0069,Aya Brahami,2,Oran,West
C0070,Sarah Chaouch,3,Constantine,East
C0071,Yasmine Mekki,6,Setif,East
C0072,Billel Oukil,4,Annaba,East
C0073,Amel Djedid,4,Annaba,East
C0074,Lotfi Djedid,2,Oran,West
C0075,Houda Kherief,1,Alger,North
C0076,Mehdi Bouzid,7,Bejaia,North
C0077,Nour Boukhalfa,10,Ghardaia,South
C0078,Hichem Djedid,9,Biskra,South
C0079,Lotfi Toumi,3,Constantine,East
C0080,Khadidja Saidi,11,Guelma,East
C0081,Houda Oukil,7,Bejaia,North
C0082,Ryad Benali,7,Bejaia,North
C0083,Lotfi Bouzid,12,Skikda,East
C0084,Khadidja Haddad,11,Guelma,East
C0085,Amel Amrani,11,Guelma,East
C0086,Khaled Kherief,3,Constantine,East
C0087,Fares Mebarki,2,Oran,West
C0088,Rym Haddad,4,Annaba,East
C0089,Yacine Haddad,12,Skikda,East
C0090,Zineb Talbi,3,Constantine,East
C0091,Mohamed Khelifa,3,Constantine,East
C0092,Zineb Benali,1,Alger,North
C0093,Nour Rahmani,12,Skikda,East
C0094,Omar Djerbal,2,Oran,West
C0095,Lotfi Mansouri,3,Constantine,East
C0096,Lotfi Rahmani,5,Ouargla,South
C0097,Amine Boukhalfa,1,Alger,North
C0098,Fares Bouchareb,6,Setif,East
C0099,Fares Bouchareb,8,Tlemcen,West
C0100,Karim Djerbal,8,Tlemcen,West
C0101,Omar Bouzid,5,Ouargla,South
C0102,Rym Guellil,6,Setif,East
C0103,Walid Mebarki,12,Skikda,East
C0104,Amine Zerrouki,12,Skikda,East
C0105,Karim Benali,5,Ouargla,South
C0106,Sami Chaouch,12,Skikda,East
C0107,Nabil Brahami,1,Alger,North
C0108,Asma Oukil,3,Constantine,East
C0109,Lina Mansouri,8,Tlemcen,West
C0110,Fares Bouchareb,1,Alger,North
C0111,Omar Mansouri,8,Tlemcen,West
C0112,Manel Oukil,11,Guelma,East
C0113,Yasmine Djerbal,5,Ouargla,South
C0114,Chahinez Djedid,4,Annaba,East
C0115,Youcef Mansouri,4,Annaba,East
C0116,Youcef Benali,5,Ouargla,South
C0117,Mohamed Rahmani,2,Oran,West
C0118,Samia Djedid,12,Skikda,East
C0119,Mehdi Zerrouki,3,Constantine,East
C0120,Billel Djedid,7,Bejaia,North
C0121,Mehdi Zerrouki,9,Biskra,South
C0122,Samia Djerbal,8,Tlemcen,West
C0123,Sarah Brahami,12,Skikda,East
C0124,Karim Brahami,6,Setif,East
C0125,Samia Boukhalfa,12,Skikda,East
C0126,Hichem Guellil,10,Ghardaia,South
C0127,Youcef Djedid,10,Ghardaia,South
C0128,Asma Mekki,5,Ouargla,South
C0129,Aya Guellil,3,Constantine,East
C0130,Karim Mebarki,12,Skikda,East
C0131,Houda Guellil,10,Ghardaia,South
C0132,Chahinez Djedid,12,Skikda,East
C0133,Karim Chaouch,1,Alger,North
C0134,Rym Djedid,11,Guelma,East
C0135,Amine Haddad,7,Bejaia,North
C0136,Mohamed Boukhalfa,12,Skikda,East
C0137,Zineb Khelifa,3,Constantine,East
C0138,Billel Toumi,1,Alger,North
C0139,Amel Bouzid,2,Oran,West
C0140,Fares Amrani,12,Skikda,East
C0141,Ryad Guellil,2,Oran,West
C0142,Khaled Kherief,9,Biskra,South
C0143,Lotfi Mebarki,2,Oran,West
C0144,Nour Zerrouki,6,Setif,East
C0145,Billel Saidi,12,Skikda,East
C0146,Karim Bouzid,7,Bejaia,North
C0147,Mehdi Haddad,1,Alger,North
C0148,Amine Mebarki,8,Tlemcen,West
C0149,Ryad Mekki,8,Tlemcen,West
C0150,Aya Brahami,6,Setif,East
C0151,Ryad Benali,8,Tlemcen,West
C0152,Sofiane Zerrouki,11,Guelma,East
C0153,Khadidja Djerbal,9,Biskra,South
C0154,Manel Amrani,1,Alger,North
C0155,Nour Mebarki,2,Oran,West
C0156,Fatima Khelifa,1,Alger,North
C0157,Nabil Kherief,2,Oran,West
C0158,Asma Diaf,4,Annaba,East
C0159,Mehdi Khelifa,10,Ghardaia,South
C0160,Amel Kherief,11,Guelma,East
C0161,Samia Boukhalfa,11,Guelma,East
C0162,Samia Djerbal,5,Ouargla,South
C0163,Nabil Boukhalfa,10,Ghardaia,South
C0164,Nabil Amrani,1,Alger,North
C0165,Karim Rahmani,6,Setif,East
C0166,Zineb Diaf,4,Annaba,East
C0167,Zineb Saidi,6,Setif,East
C0168,Chahinez Amrani,5,Ouargla,South
C0169,Chahinez Guellil,4,Annaba,East
C0170,Khaled Benali,11,Guelma,East
C0171,Youcef Mebarki,5,Ouargla,South
C0172,Manel Mansouri,11,Guelma,East
C0173,Mohamed Saidi,2,Oran,West
C0174,Fares Zerrouki,12,Skikda,East
C0175,Walid Bouchareb,8,Tlemcen,West
C0176,Ryad Diaf,7,Bejaia,North
C0177,Nabil Mekki,5,Ouargla,South
C0178,Mohamed Oukil,3,Constantine,East
C0179,Fares Djedid,5,Ouargla,South
C0180,Amel Benali,5,Ouargla,South
C0181,Youcef Rahmani,2,Oran,West
C0182,Samia Kherief,5,Ouargla,South
C0183,Asma Bouchareb,2,Oran,West
C0184,Imane Guellil,5,Ouargla,South
C0185,Khaled Talbi,4,Annaba,East
C0186,Rym Talbi,7,Bejaia,North
C0187,Hichem Saidi,8,Tlemcen,West
C0188,Houda Toumi,6,Setif,East
C0189,Fares Diaf,12,Skikda,East
C0190,Amel Saidi,10,Ghardaia,South
C0191,Nour Brahami,9,Biskra,South
C0192,Nabil Talbi,3,Constantine,East
C0193,Chahinez Amrani,9,Biskra,South
C0194,Sofiane Mekki,4,Annaba,East
C0195,Asma Zerrouki,8,Tlemcen,West
C0196,Imane Amrani,4,Annaba,East
C0197,Youcef Bouzid,7,Bejaia,North
C0198,Asma Haddad,9,Biskra,South
C0199,Samia Boukhalfa,2,Oran,West
C0200,Ryad Benali,4,Annaba,East
C0201,Mehdi Mekki,9,Biskra,South
C0202,Manel Diaf,10,Ghardaia,South
C0203,Walid Boukhalfa,9,Biskra,South
C0204,Chahinez Mekki,4,Annaba,East
C0205,Samia Kherief,3,Constantine,East
C0206,Fares Oukil,2,Oran,West
C0207,Amine Diaf,9,Biskra,South
C0208,Lina Talbi,8,Tlemcen,West
C0209,Mohamed Kherief,8,Tlemcen,West
C0210,Rym Guellil,8,Tlemcen,West
C0211,Yacine Saidi,3,Constantine,East
C0212,Chahinez Zerrouki,12,Skikda,East
C0213,Nabil Guellil,12,Skikda,East
C0214,Manel Brahami,4,Annaba,East
C0215,Billel Diaf,5,Ouargla,South
C0216,Yacine Toumi,7,Bejaia,North
C0217,Khaled Brahami,10,Ghardaia,South
C0218,Yacine Chaouch,9,Biskra,South
C0219,Imane Rahmani,5,Ouargla,South
C0220,Lotfi Zerrouki,12,Skikda,East
C0221,Khadidja Diaf,10,Ghardaia,South
C0222,Youcef Amrani,8,Tlemcen,West
C0223,Khaled Talbi,3,Constantine,East
C0224,Khadidja Guellil,7,Bejaia,North
C0225,Billel Mekki,3,Constantine,East
C0226,Mohamed Bouzid,12,Skikda,East
C0227,Imane Toumi,2,Oran,West
C0228,Lotfi Toumi,10,Ghardaia,South
C0229,Khaled Amrani,3,Constantine,East
C0230,Billel Guellil,11,Guelma,East
C0231,Rym Oukil,8,Tlemcen,West
C0232,Amine Zerrouki,6,Setif,East
C0233,Khadidja Brahami,2,Oran,West
C0234,Billel Haddad,3,Constantine,East
C0235,Meriem Haddad,1,Alger,North
C0236,Houda Oukil,1,Alger,North
C0237,Billel Bouzid,6,Setif,East
C0238,Asma Toumi,6,Setif,East
C0239,Khaled Mebarki,11,Guelma,East
C0240,Lotfi Djerbal,5,Ouargla,South
C0241,Houda Mansouri,12,Skikda,East
C0242,Asma Zerrouki,2,Oran,West
C0243,Walid Haddad,3,Constantine,East
C0244,Youcef Oukil,7,Bejaia,North
C0245,Fares Boukhalfa,9,Biskra,South
C0246,Chahinez Haddad,2,Oran,West
C0247,Manel Haddad,4,Annaba,East
C0248,Samia Amrani,2,Oran,West
C0249,Lotfi Bouzid,3,Constantine,East
C0250,Imane Haddad,5,Ouargla,South
C0251,Sarah Bouchareb,2,Oran,West
C0252,Ryad Talbi,5,Ouargla,South
C0253,Aya Bouzid,9,Biskra,South
C0254,Yasmine Diaf,6,Setif,East
C0255,Zineb Djedid,2,Oran,West
C0256,Meriem Bouzid,9,Biskra,South
C0257,Zineb Khelifa,4,Annaba,East
C0258,Mohamed Rahmani,11,Guelma,East
C0259,Imane Khelifa,10,Ghardaia,South
C0260,Karim Boukhalfa,8,Tlemcen,West
C0261,Walid Guellil,12,Skikda,East
C0262,Fares Mansouri,3,Constantine,East
C0263,Khadidja Djedid,5,Ouargla,South
C0264,Yasmine Kherief,1,Alger,North
C0265,Rym Talbi,10,Ghardaia,South
C0266,Mohamed Amrani,10,Ghardaia,South
C0267,Samia Haddad,8,Tlemcen,West
C0268,Sarah Mansouri,5,Ouargla,South
C0269,Sami Amrani,12,Skikda,East
C0270,Mehdi Bouzid,10,Ghardaia,South
C0271,Lina Diaf,6,Setif,East
C0272,Rym Zerrouki,9,Biskra,South
C0273,Chahinez Mekki,12,Skikda,East
C0274,Lotfi Talbi,2,Oran,West
C0275,Zineb Djedid,4,Annaba,East
C0276,Zineb Mekki,12,Skikda,East
C0277,Fatima Chaouch,7,Bejaia,North
C0278,Yacine Benali,7,Bejaia,North
C0279,Lotfi Oukil,5,Ouargla,South
C0280,Amel Mekki,3,Constantine,East
C0281,Imane Mebarki,5,Ouargla,South
C0282,Fares Mekki,8,Tlemcen,West
C0283,Meriem Rahmani,6,Setif,East
C0284,Yasmine Benali,8,Tlemcen,West
C0285,Nabil Mebarki,7,Bejaia,North
C0286,Fares Amrani,7,Bejaia,North
C0287,Samia Amrani,10,Ghardaia,South
C0288,Lina Brahami,4,Annaba,East
C0289,Sofiane Brahami,4,Annaba,East
C0290,Omar Mebarki,6,Setif,East
C0291,Mehdi Benali,4,Annaba,East
C0292,Omar Mansouri,12,Skikda,East
C0293,Omar Diaf,10,Ghardaia,South
C0294,Amel Saidi,7,Bejaia,North
C0295,Yacine Mebarki,8,Tlemcen,West
C0296,Zineb Chaouch,7,Bejaia,North
C0297,Chahinez Saidi,10,Ghardaia,South
C0298,Lina Haddad,1,Alger,North
C0299,Ryad Mekki,7,Bejaia,North
C0300,Houda Bouchareb,11,Guelma,East
C0301,Asma Diaf,9,Biskra,South
C0302,Aya Haddad,8,Tlemcen,West
C0303,Nabil Djedid,12,Skikda,East
C0304,Ryad Mebarki,2,Oran,West
C0305,Lina Mansouri,9,Biskra,South
C0306,Amel Chaouch,1,Alger,North
C0307,Chahinez Chaouch,2,Oran,West
C0308,Amine Diaf,2,Oran,West
C0309,Chahinez Haddad,7,Bejaia,North
C0310,Omar Guellil,6,Setif,East
C0311,Imane Bouchareb,2,Oran,West
C0312,Sofiane Boukhalfa,5,Ouargla,South
C0313,Yasmine Benali,7,Bejaia,North
C0314,Sarah Kherief,1,Alger,North
C0315,Amel Mebarki,5,Ouargla,South
C0316,Lotfi Bouzid,11,Guelma,East
C0317,Rym Amrani,6,Setif,East
C0318,Manel Mekki,11,Guelma,East
C0319,Khaled Kherief,4,Annaba,East
C0320,Sami Saidi,10,Ghardaia,South
C0321,Meriem Guellil,4,Annaba,East
C0322,Khaled Toumi,11,Guelma,East
C0323,Hichem Guellil,3,Constantine,East
C0324,Asma Boukhalfa,7,Bejaia,North
C0325,Rym Boukhalfa,1,Alger,North
C0326,Youcef Kherief,10,Ghardaia,South
C0327,Ryad Bouzid,5,Ouargla,South
C0328,Imane Saidi,6,Setif,East
C0329,Nour Kherief,1,Alger,North
C0330,Yasmine Khelifa,1,Alger,North
C0331,Zineb Khelifa,10,Ghardaia,South
C0332,Ryad Oukil,8,Tlemcen,West
C0333,Omar Rahmani,12,Skikda,East
C0334,Sarah Brahami,7,Bejaia,North
C0335,Mohamed Brahami,6,Setif,East
C0336,Youcef Diaf,4,Annaba,East
C0337,Fares Haddad,6,Setif,East
C0338,Houda Mekki,6,Setif,East
C0339,Mehdi Bouzid,11,Guelma,East
C0340,Nour Mebarki,4,Annaba,East
C0341,Amine Oukil,1,Alger,North
C0342,Youcef Haddad,10,Ghardaia,South
C0343,Imane Saidi,4,Annaba,East
C0344,Lina Kherief,6,Setif,East
C0345,Manel Toumi,4,Annaba,East
C0346,Meriem Mebarki,11,Guelma,East
C0347,Lotfi Mebarki,3,Constantine,East
C0348,Yacine Brahami,1,Alger,North
C0349,Yasmine Guellil,1,Alger,North
C0350,Walid Brahami,4,Annaba,East
C0351,Sofiane Amrani,6,Setif,East
C0352,Asma Amrani,9,Biskra,South
C0353,Meriem Oukil,7,Bejaia,North
C0354,Youcef Diaf,2,Oran,West
C0355,Asma Bouzid,3,Constantine,East
C0356,Amine Rahmani,11,Guelma,East
C0357,Khaled Brahami,10,Ghardaia,South
C0358,Hichem Djedid,8,Tlemcen,West
C0359,Meriem Saidi,1,Alger,North
C0360,Mehdi Bouzid,11,Guelma,East
C0361,Aya Chaouch,12,Skikda,East
C0362,Youcef Rahmani,7,Bejaia,North
C0363,Meriem Khelifa,10,Ghardaia,South
C0364,Rym Talbi,5,Ouargla,South
C0365,Manel Talbi,9,Biskra,South
C0366,Aya Rahmani,12,Skikda,East
C0367,Fares Saidi,8,Tlemcen,West
C0368,Manel Amrani,11,Guelma,East
C0369,Chahinez Toumi,5,Ouargla,South
C0370,Sami Amrani,1,Alger,North
C0371,Youcef Bouchareb,3,Constantine,East
C0372,Fatima Brahami,7,Bejaia,North
C0373,Imane Kherief,2,Oran,West
C0374,Meriem Amrani,3,Constantine,East
C0375,Hichem Mekki,10,Ghardaia,South
C0376,Asma Zerrouki,10,Ghardaia,South
C0377,Sami Zerrouki,11,Guelma,East
C0378,Aya Brahami,3,Constantine,East
C0379,Sarah Brahami,7,Bejaia,North
C0380,Mehdi Kherief,3,Constantine,East
C0381,Ryad Boukhalfa,7,Bejaia,North
C0382,Amel Brahami,8,Tlemcen,West
C0383,Houda Toumi,9,Biskra,South
C0384,Nour Mansouri,10,Ghardaia,South
C0385,Yasmine Bouzid,9,Biskra,South
C0386,Amel Benali,7,Bejaia,North
C0387,Omar Mebarki,12,Skikda,East
C0388,Rym Toumi,10,Ghardaia,South
C0389,Fatima Talbi,8,Tlemcen,West
C0390,Houda Mansouri,9,Biskra,South
C0391,Manel Khelifa,3,Constantine,East
C0392,Khadidja Chaouch,9,Biskra,South
C0393,Yacine Brahami,1,Alger,North
C0394,Mohamed Zerrouki,10,Ghardaia,South
C0395,Asma Kherief,1,Alger,North
C0396,Sami Brahami,5,Ouargla,South
C0397,Aya Khelifa,5,Ouargla,South
C0398,Omar Mebarki,9,Biskra,South
C0399,Amel Khelifa,8,Tlemcen,West
C0400,Sofiane Oukil,5,Ouargla,South
C0401,Fares Brahami,1,Alger,North
C0402,Rym Khelifa,6,Setif,East
C0403,Sarah Benali,2,Oran,West
C0404,Asma Haddad,7,Bejaia,North
C0405,Youcef Oukil,12,Skikda,East
C0406,Lina Bouzid,3,Constantine,East
C0407,Nour Mansouri,1,Alger,North
C0408,Nabil Djedid,11,Guelma,East
C0409,Lotfi Kherief,2,Oran,West
C0410,Yasmine Mebarki,4,Annaba,East
C0411,Nabil Toumi,9,Biskra,South
C0412,Omar Oukil,7,Bejaia,North
C0413,Ryad Oukil,3,Constantine,East
C0414,Lotfi Rahmani,7,Bejaia,North
C0415,Nabil Toumi,3,Constantine,East
C0416,Mohamed Haddad,4,Annaba,East
C0417,Fares Bouchareb,12,Skikda,East
C0418,Fatima Oukil,8,Tlemcen,West
C0419,Walid Rahmani,2,Oran,West
C0420,Yacine Boukhalfa,10,Ghardaia,South
C0421,Sofiane Brahami,6,Setif,East
C0422,Yasmine Zerrouki,2,Oran,West
C0423,Yasmine Oukil,2,Oran,West
C0424,Nour Djedid,2,Oran,West
C0425,Houda Saidi,2,Oran,West
C0426,Nabil Djerbal,10,Ghardaia,South
C0427,Billel Toumi,10,Ghardaia,South
C0428,Manel Talbi,3,Constantine,East
C0429,Khaled Boukhalfa,7,Bejaia,North
C0430,Asma Talbi,7,Bejaia,North
C0431,Rym Talbi,4,Annaba,East
C0432,Youcef Talbi,1,Alger,North
C0433,Aya Brahami,2,Oran,West
C0434,Asma Diaf,7,Bejaia,North
C0435,Amel Amrani,5,Ouargla,South
C0436,Rym Mekki,4,Annaba,East
C0437,Meriem Djerbal,8,Tlemcen,West
C0438,Zineb Boukhalfa,10,Ghardaia,South
C0439,Billel Saidi,1,Alger,North
C0440,Chahinez Oukil,9,Biskra,South
C0441,Mehdi Brahami,8,Tlemcen,West
C0442,Chahinez Djedid,6,Setif,East
C0443,Ryad Mekki,2,Oran,West
C0444,Amine Djerbal,4,Annaba,East
C0445,Youcef Mebarki,11,Guelma,East
C0446,Walid Chaouch,10,Ghardaia,South
C0447,Zineb Bouzid,3,Constantine,East
C0448,Manel Oukil,4,Annaba,East
C0449,Samia Djerbal,5,Ouargla,South
C0450,Manel Benali,6,Setif,East
C0451,Karim Amrani,9,Biskra,South
C0452,Meriem Mansouri,2,Oran,West
C0453,Lotfi Zerrouki,4,Annaba,East
C0454,Chahinez Haddad,4,Annaba,East
C0455,Samia Benali,4,Annaba,East
C0456,Omar Djedid,5,Ouargla,South
C0457,Manel Saidi,3,Constantine,East
C0458,Khaled Bouzid,11,Guelma,East
C0459,Walid Oukil,4,Annaba,East
C0460,Khadidja Rahmani,4,Annaba,East
C0461,Yacine Bouzid,2,Oran,West
C0462,Youcef Khelifa,8,Tlemcen,West
C0463,Fatima Toumi,2,Oran,West
C0464,Houda Kherief,6,Setif,East
C0465,Amine Mebarki,4,Annaba,East
C0466,Khadidja Mekki,10,Ghardaia,South
C0467,Hichem Djerbal,5,Ouargla,South
C0468,Nabil Mekki,1,Alger,North
C0469,Nabil Diaf,2,Oran,West
C0470,Khadidja Talbi,6,Setif,East
C0471,Ryad Amrani,10,Ghardaia,South
C0472,Chahinez Mekki,5,Ouargla,South
C0473,Mohamed Brahami,2,Oran,West
C0474,Sami Mekki,7,Bejaia,North
C0475,Fatima Bouzid,6,Setif,East
C0476,Rym Guellil,6,Setif,East
C0477,Karim Diaf,4,Annaba,East
C0478,Yasmine Talbi,4,Annaba,East
C0479,Omar Talbi,9,Biskra,South
C0480,Ryad Zerrouki,12,Skikda,East
C0481,Meriem Toumi,3,Constantine,East
C0482,Yasmine Djerbal,1,Alger,North
C0483,Imane Oukil,2,Oran,West
C0484,Sami Bouzid,11,Guelma,East
C0485,Ryad Talbi,10,Ghardaia,South
C0486,Amel Brahami,3,Constantine,East
C0487,Yasmine Khelifa,3,Constantine,East
C0488,Nabil Chaouch,10,Ghardaia,South
C0489,Khaled Haddad,9,Biskra,South
C0490,Fares Saidi,4,Annaba,East
C0491,Sofiane Mansouri,11,Guelma,East
C0492,Houda Zerrouki,5,Ouargla,South
C0493,Meriem Djerbal,11,Guelma,East
C0494,Karim Talbi,6,Setif,East
C0495,Yasmine Bouzid,12,Skikda,East
C0496,Amel Khelifa,7,Bejaia,North
C0497,Lotfi Benali,12,Skikda,East
C0498,Houda Diaf,6,Setif,East
C0499,Khaled Boukhalfa,11,Guelma,East
C0500,Billel Chaouch,11,Guelma,East
C0501,Sarah Bouchareb,5,Ouargla,South
C0502,Sofiane Talbi,4,Annaba,East
C0503,Amel Guellil,7,Bejaia,North
C0504,Rym Diaf,6,Setif,East
C0505,Lotfi Bouzid,3,Constantine,East
C0506,Samia Bouchareb,6,Setif,East
C0507,Mohamed Khelifa,7,Bejaia,North
C0508,Manel Brahami,12,Skikda,East
C0509,Meriem Mansouri,3,Constantine,East
C0510,Nour Bouchareb,10,Ghardaia,South
C0511,Khadidja Guellil,3,Constantine,East
C0512,Yacine Mansouri,11,Guelma,East
C0513,Mehdi Mebarki,8,Tlemcen,West
C0514,Mehdi Mansouri,4,Annaba,East
C0515,Mohamed Amrani,1,Alger,North
C0516,Samia Boukhalfa,1,Alger,North
C0517,Billel Rahmani,6,Setif,East
C0518,Karim Mekki,7,Bejaia,North
C0519,Sarah Guellil,3,Constantine,East
C0520,Sarah Guellil,4,Annaba,East
C0521,Manel Mekki,1,Alger,North
C0522,Nour Oukil,4,Annaba,East
C0523,Sarah Mebarki,5,Ouargla,South
C0524,Omar Diaf,9,Biskra,South
C0525,Khaled Diaf,1,Alger,North
C0526,Fatima Djerbal,2,Oran,West
C0527,Khaled Djedid,6,Setif,East
C0528,Sami Diaf,11,Guelma,East
C0529,Samia Toumi,11,Guelma,East
C0530,Fares Djedid,3,Constantine,East
C0531,Fares Bouzid,1,Alger,North
C0532,Amine Oukil,1,Alger,North
C0533,Sami Saidi,6,Setif,East
C0534,Khaled Rahmani,12,Skikda,East
C0535,Khaled Brahami,3,Constantine,East
C0536,Samia Khelifa,11,Guelma,East
C0537,Fares Khelifa,3,Constantine,East
C0538,Sami Mebarki,1,Alger,North
C0539,Mehdi Bouzid,5,Ouargla,South
C0540,Lina Guellil,1,Alger,North
C0541,Walid Kherief,4,Annaba,East
C0542,Samia Zerrouki,11,Guelma,East
C0543,Mehdi Haddad,8,Tlemcen,West
C0544,Imane Bouchareb,1,Alger,North
C0545,Imane Mekki,1,Alger,North
C0546,Youcef Zerrouki,10,Ghardaia,South
C0547,Sofiane Amrani,2,Oran,West
C0548,Lotfi Bouzid,11,Guelma,East
C0549,Khadidja Rahmani,3,Constantine,East
C0550,Yacine Talbi,3,Constantine,East
C0551,Yasmine Djerbal,9,Biskra,South
C0552,Nour Brahami,9,Biskra,South
C0553,Sarah Chaouch,2,Oran,West
C0554,Amel Amrani,2,Oran,West
C0555,Aya Talbi,1,Alger,North
C0556,Sarah Brahami,2,Oran,West
C0557,Fatima Kherief,5,Ouargla,South
C0558,Amel Khelifa,7,Bejaia,North
C0559,Yasmine Saidi,11,Guelma,East
C0560,Houda Bouzid,4,Annaba,East
C0561,Mohamed Chaouch,3,Constantine,East
C0562,Karim Khelifa,9,Biskra,South
C0563,Mehdi Djedid,9,Biskra,South
C0564,Sarah Chaouch,10,Ghardaia,South
C0565,Mohamed Khelifa,7,Bejaia,North
C0566,Rym Talbi,2,Oran,West
C0567,Yacine Oukil,11,Guelma,East
C0568,Fatima Guellil,3,Constantine,East
C0569,Khadidja Djerbal,10,Ghardaia,South
C0570,Amine Djedid,2,Oran,West
C0571,Sofiane Guellil,11,Guelma,East
C0572,Ryad Zerrouki,3,Constantine,East
C0573,Sarah Mansouri,4,Annaba,East
C0574,Nour Diaf,10,Ghardaia,South
C0575,Youcef Brahami,8,Tlemcen,West
C0576,Karim Chaouch,9,Biskra,South
C0577,Hichem Mansouri,2,Oran,West
C0578,Asma Guellil,10,Ghardaia,South
C0579,Sofiane Haddad,12,Skikda,East
C0580,Nour Bouzid,6,Setif,East
C0581,Billel Bouchareb,1,Alger,North
C0582,Aya Khelifa,3,Constantine,East
C0583,Houda Brahami,3,Constantine,East
C0584,Lina Bouzid,5,Ouargla,South
C0585,Omar Brahami,4,Annaba,East
C0586,Ryad Toumi,1,Alger,North
C0587,Mehdi Talbi,1,Alger,North
C0588,Chahinez Diaf,11,Guelma,East
C0589,Fatima Talbi,10,Ghardaia,South
C0590,Fatima Amrani,7,Bejaia,North
C0591,Mehdi Bouzid,10,Ghardaia,South
C0592,Billel Mekki,7,Bejaia,North
C0593,Houda Zerrouki,1,Alger,North
C0594,Khadidja Bouchareb,11,Guelma,East
C0595,Sarah Mebarki,12,Skikda,East
C0596,Lina Brahami,7,Bejaia,North
C0597,Ryad Brahami,1,Alger,North
C0598,Lotfi Djedid,5,Ouargla,South
C0599,Amine Benali,8,Tlemcen,West
C0600,Sarah Chaouch,8,Tlemcen,West
C0601,Imane Bouzid,2,Oran,West
C0602,Omar Khelifa,8,Tlemcen,West
C0603,Hichem Benali,1,Alger,North
C0604,Ryad Zerrouki,5,Ouargla,South
C0605,Omar Zerrouki,6,Setif,East
C0606,Sarah Rahmani,11,Guelma,East
C0607,Walid Talbi,6,Setif,East
C0608,Mehdi Zerrouki,8,Tlemcen,West
C0609,Lina Bouzid,8,Tlemcen,West
C0610,Asma Zerrouki,1,Alger,North
C0611,Lina Guellil,7,Bejaia,North
C0612,Asma Toumi,2,Oran,West
C0613,Samia Guellil,1,Alger,North
C0614,Sofiane Diaf,3,Constantine,East
C0615,Chahinez Kherief,1,Alger,North
C0616,Manel Mansouri,10,Ghardaia,South
C0617,Yacine Boukhalfa,6,Setif,East
C0618,Mehdi Mebarki,11,Guelma,East
C0619,Rym Oukil,6,Setif,East
C0620,Walid Mekki,1,Alger,North
C0621,Rym Brahami,6,Setif,East
C0622,Nabil Brahami,1,Alger,North
C0623,Samia Mekki,10,Ghardaia,South
C0624,Fares Khelifa,10,Ghardaia,South
C0625,Asma Kherief,4,Annaba,East
C0626,Amine Mebarki,8,Tlemcen,West
C0627,Khadidja Bouchareb,9,Biskra,South
C0628,Hichem Kherief,10,Ghardaia,South
C0629,Omar Mansouri,2,Oran,West
C0630,Imane Amrani,12,Skikda,East
C0631,Zineb Chaouch,2,Oran,West
C0632,Yasmine Mebarki,12,Skikda,East
C0633,Zineb Guellil,2,Oran,West
C0634,Meriem Zerrouki,11,Guelma,East
C0635,Mohamed Guellil,1,Alger,North
C0636,Youcef Diaf,4,Annaba,East
C0637,Zineb Bouchareb,5,Ouargla,South
C0638,Sarah Toumi,2,Oran,West
C0639,Asma Talbi,1,Alger,North
C0640,Zineb Oukil,11,Guelma,East
C0641,Khaled Talbi,5,Ouargla,South
C0642,Ryad Brahami,5,Ouargla,South
C0643,Billel Mebarki,7,Bejaia,North
C0644,Nabil Djedid,4,Annaba,East
C0645,Amine Talbi,7,Bejaia,North
C0646,Nour Djerbal,4,Annaba,East
C0647,Zineb Toumi,6,Setif,East
C0648,Rym Zerrouki,10,Ghardaia,South
C0649,Samia Saidi,4,Annaba,East
C0650,Khadidja Mekki,10,Ghardaia,South
C0651,Meriem Kherief,1,Alger,North
C0652,Chahinez Brahami,7,Bejaia,North
C0653,Sami Rahmani,4,Annaba,East
C0654,Khaled Mebarki,7,Bejaia,North
C0655,Ryad Amrani,7,Bejaia,North
C0656,Sami Saidi,8,Tlemcen,West
C0657,Amel Rahmani,1,Alger,North
C0658,Mohamed Mekki,4,Annaba,East
C0659,Omar Guellil,9,Biskra,South
C0660,Khaled Djerbal,7,Bejaia,North
C0661,Nabil Amrani,4,Annaba,East
C0662,Nour Talbi,8,Tlemcen,West
C0663,Fatima Mebarki,10,Ghardaia,South
C0664,Lotfi Brahami,8,Tlemcen,West
C0665,Sarah Chaouch,2,Oran,West
C0666,Aya Djerbal,11,Guelma,East
C0667,Mohamed Brahami,12,Skikda,East
C0668,Fatima Guellil,1,Alger,North
C0669,Omar Zerrouki,5,Ouargla,South
C0670,Omar Kherief,4,Annaba,East
C0671,Amel Rahmani,8,Tlemcen,West
C0672,Yasmine Rahmani,11,Guelma,East
C0673,Fares Kherief,10,Ghardaia,South
C0674,Youcef Amrani,8,Tlemcen,West
C0675,Walid Benali,3,Constantine,East
C0676,Lotfi Chaouch,12,Skikda,East
C0677,Meriem Benali,1,Alger,North
C0678,Omar Benali,3,Constantine,East
C0679,Yasmine Khelifa,8,Tlemcen,West
C0680,Sofiane Bouzid,1,Alger,North
C0681,Fares Haddad,1,Alger,North
C0682,Meriem Djerbal,3,Constantine,East
C0683,Nour Amrani,5,Ouargla,South
C0684,Sofiane Chaouch,6,Setif,East
C0685,Sarah Zerrouki,11,Guelma,East
C0686,Yacine Mebarki,11,Guelma,East
C0687,Fares Mansouri,5,Ouargla,South
C0688,Houda Talbi,4,Annaba,East
C0689,Lotfi Brahami,11,Guelma,East
C0690,Omar Amrani,5,Ouargla,South
C0691,Sami Diaf,2,Oran,West
C0692,Nabil Mansouri,8,Tlemcen,West
C0693,Imane Boukhalfa,3,Constantine,East
C0694,Sarah Boukhalfa,11,Guelma,East
C0695,Houda Oukil,5,Ouargla,South
C0696,Lina Mansouri,6,Setif,East
C0697,Yacine Toumi,9,Biskra,South
C0698,Amel Chaouch,3,Constantine,East
C0699,Asma Benali,1,Alger,North
C0700,Ryad Mansouri,11,Guelma,East
C0701,Manel Talbi,7,Bejaia,North
C0702,Nour Djedid,3,Constantine,East
C0703,Chahinez Djerbal,8,Tlemcen,West
C0704,Zineb Toumi,3,Constantine,East
C0705,Meriem Chaouch,3,Constantine,East
C0706,Manel Talbi,3,Constantine,East
C0707,Nour Toumi,10,Ghardaia,South
C0708,Ryad Khelifa,8,Tlemcen,West
C0709,Manel Saidi,10,Ghardaia,South
C0710,Amel Chaouch,6,Setif,East
C0711,Amine Khelifa,12,Skikda,East
C0712,Mohamed Bouchareb,9,Biskra,South
C0713,Sami Djerbal,9,Biskra,South
C0714,Imane Chaouch,3,Constantine,East
C0715,Yasmine Guellil,2,Oran,West
C0716,Chahinez Mekki,11,Guelma,East
C0717,Ryad Mansouri,2,Oran,West
C0718,Asma Mekki,4,Annaba,East
C0719,Samia Chaouch,8,Tlemcen,West
C0720,Amine Oukil,7,Bejaia,North
C0721,Lina Oukil,9,Biskra,South
C0722,Khaled Mansouri,2,Oran,West
C0723,Mohamed Boukhalfa,3,Constantine,East
C0724,Lotfi Saidi,2,Oran,West
C0725,Omar Rahmani,12,Skikda,East
C0726,Lina Guellil,11,Guelma,East
C0727,Samia Diaf,8,Tlemcen,West
C0728,Chahinez Bouzid,4,Annaba,East
C0729,Karim Guellil,1,Alger,North
C0730,Nour Khelifa,6,Setif,East
C0731,Ryad Djedid,11,Guelma,East
C0732,Amine Djedid,8,Tlemcen,West
C0733,Sofiane Haddad,7,Bejaia,North
C0734,Zineb Talbi,3,Constantine,East
C0735,Sami Benali,5,Ouargla,South
C0736,Ryad Bouchareb,1,Alger,North
C0737,Hichem Khelifa,9,Biskra,South
C0738,Amel Guellil,9,Biskra,South
C0739,Asma Mebarki,5,Ouargla,South
C0740,Sofiane Amrani,6,Setif,East
C0741,Khaled Djerbal,9,Biskra,South
C0742,Lotfi Mansouri,1,Alger,North
C0743,Billel Toumi,1,Alger,North
C0744,Ryad Boukhalfa,1,Alger,North
C0745,Fares Guellil,10,Ghardaia,South
C0746,Sofiane Zerrouki,3,Constantine,East
C0747,Khaled Boukhalfa,6,Setif,East
C0748,Omar Kherief,10,Ghardaia,South
C0749,Yasmine Guellil,8,Tlemcen,West
C0750,Houda Khelifa,6,Setif,East
C0751,Yasmine Kherief,6,Setif,East
C0752,Nabil Oukil,7,Bejaia,North
C0753,Mehdi Benali,11,Guelma,East
C0754,Youcef Mekki,12,Skikda,East
C0755,Meriem Brahami,6,Setif,East
C0756,Lina Zerrouki,10,Ghardaia,South
C0757,Nabil Amrani,8,Tlemcen,West
C0758,Samia Djedid,2,Oran,West
C0759,Yasmine Mekki,5,Ouargla,South
C0760,Omar Diaf,11,Guelma,East
C0761,Omar Khelifa,12,Skikda,East
C0762,Houda Bouzid,1,Alger,North
C0763,Nour Rahmani,10,Ghardaia,South
C0764,Asma Rahmani,9,Biskra,South
C0765,Sarah Talbi,1,Alger,North
C0766,Amine Benali,9,Biskra,South
C0767,Yasmine Guellil,11,Guelma,East
C0768,Mohamed Oukil,6,Setif,East
C0769,Billel Oukil,4,Annaba,East
C0770,Aya Khelifa,1,Alger,North
C0771,Yasmine Djedid,12,Skikda,East
C0772,Youcef Amrani,2,Oran,West
C0773,Hichem Saidi,8,Tlemcen,West
C0774,Asma Bouchareb,9,Biskra,South
C0775,Khaled Boukhalfa,11,Guelma,East
C0776,Sofiane Talbi,8,Tlemcen,West
C0777,Hichem Rahmani,9,Biskra,South
C0778,Sarah Benali,9,Biskra,South
C0779,Sofiane Djerbal,2,Oran,West
C0780,Lina Khelifa,11,Guelma,East
C0781,Amel Bouzid,3,Constantine,East
C0782,Aya Djerbal,8,Tlemcen,West
C0783,Manel Saidi,2,Oran,West
C0784,Sofiane Benali,7,Bejaia,North
C0785,Walid Rahmani,5,Ouargla,South
C0786,Karim Djerbal,9,Biskra,South
C0787,Nour Guellil,11,Guelma,East
C0788,Youcef Mekki,4,Annaba,East
C0789,Mohamed Rahmani,12,Skikda,East
C0790,Zineb Bouzid,4,Annaba,East
C0791,Hichem Bouchareb,6,Setif,East
C0792,Asma Zerrouki,3,Constantine,East
C0793,Manel Boukhalfa,2,Oran,West
C0794,Karim Saidi,11,Guelma,East
C0795,Sarah Boukhalfa,7,Bejaia,North
C0796,Amel Guellil,10,Ghardaia,South
C0797,Nabil Bouchareb,12,Skikda,East
C0798,Sami Amrani,12,Skikda,East
C0799,Sofiane Diaf,4,Annaba,East
C0800,Yacine Mansouri,10,Ghardaia,South
C0801,Lina Talbi,9,Biskra,South
C0802,Fatima Bouchareb,11,Guelma,East
C0803,Ryad Khelifa,5,Ouargla,South
C0804,Amel Toumi,9,Biskra,South
C0805,Amine Chaouch,7,Bejaia,North
C0806,Asma Djedid,9,Biskra,South
C0807,Yasmine Diaf,10,Ghardaia,South
C0808,Billel Benali,4,Annaba,East
C0809,Nabil Zerrouki,9,Biskra,South
C0810,Lotfi Diaf,10,Ghardaia,South
C0811,Rym Mansouri,5,Ouargla,South
C0812,Yasmine Amrani,5,Ouargla,South
C0813,Ryad Khelifa,9,Biskra,South
C0814,Fatima Djedid,9,Biskra,South
C0815,Amel Khelifa,4,Annaba,East
C0816,Khaled Toumi,8,Tlemcen,West
C0817,Sarah Djedid,12,Skikda,East
C0818,Khaled Khelifa,3,Constantine,East
C0819,Hichem Khelifa,7,Bejaia,North
C0820,Imane Djerbal,8,Tlemcen,West
C0821,Samia Diaf,5,Ouargla,South
C0822,Hichem Brahami,7,Bejaia,North
C0823,Manel Chaouch,5,Ouargla,South
C0824,Meriem Bouchareb,7,Bejaia,North
C0825,Youcef Haddad,5,Ouargla,South
C0826,Sarah Zerrouki,2,Oran,West
C0827,Manel Amrani,11,Guelma,East
C0828,Sofiane Chaouch,6,Setif,East
C0829,Chahinez Amrani,12,Skikda,East
C0830,Zineb Haddad,10,Ghardaia,South
C0831,Houda Talbi,5,Ouargla,South
C0832,Aya Zerrouki,8,Tlemcen,West
C0833,Walid Guellil,5,Ouargla,South
C0834,Yasmine Mansouri,4,Annaba,East
C0835,Ryad Oukil,3,Constantine,East
C0836,Zineb Talbi,5,Ouargla,South
C0837,Ryad Brahami,8,Tlemcen,West
C0838,Zineb Boukhalfa,9,Biskra,South
C0839,Fares Oukil,1,Alger,North
C0840,Fatima Chaouch,6,Setif,East
C0841,Hichem Bouzid,9,Biskra,South
C0842,Nour Mansouri,6,Setif,East
C0843,Mohamed Mansouri,11,Guelma,East
C0844,Sarah Boukhalfa,4,Annaba,East
C0845,Walid Mebarki,11,Guelma,East
C0846,Amine Talbi,11,Guelma,East
C0847,Imane Mekki,2,Oran,West
C0848,Sarah Zerrouki,10,Ghardaia,South
C0849,Zineb Djerbal,5,Ouargla,South
C0850,Khadidja Haddad,8,Tlemcen,West
C0851,Sarah Diaf,11,Guelma,East
C0852,Khadidja Toumi,5,Ouargla,South
C0853,Asma Khelifa,6,Setif,East
C0854,Fatima Mekki,9,Biskra,South
C0855,Sofiane Zerrouki,4,Annaba,East
C0856,Lina Brahami,1,Alger,North
C0857,Youcef Benali,11,Guelma,East
C0858,Lotfi Benali,9,Biskra,South
C0859,Lotfi Mekki,1,Alger,North
C0860,Lotfi Saidi,7,Bejaia,North
C0861,Sofiane Toumi,1,Alger,North
C0862,Chahinez Toumi,7,Bejaia,North
C0863,Imane Mebarki,12,Skikda,East
C0864,Yasmine Guellil,3,Constantine,East
C0865,Omar Haddad,6,Setif,East
C0866,Amine Mekki,11,Guelma,East
C0867,Walid Zerrouki,4,Annaba,East
C0868,Karim Mebarki,10,Ghardaia,South
C0869,Mohamed Khelifa,3,Constantine,East
C0870,Nabil Brahami,7,Bejaia,North
C0871,Nour Bouzid,3,Constantine,East
C0872,Nour Mebarki,2,Oran,West
C0873,Ryad Khelifa,10,Ghardaia,South
C0874,Fares Toumi,1,Alger,North
C0875,Lina Mebarki,6,Setif,East
C0876,Billel Djedid,5,Ouargla,South
C0877,Amine Djedid,8,Tlemcen,West
C0878,Samia Boukhalfa,1,Alger,North
C0879,Samia Saidi,11,Guelma,East
C0880,Amel Amrani,4,Annaba,East
C0881,Fatima Mekki,8,Tlemcen,West
C0882,Yacine Djerbal,2,Oran,West
C0883,Mohamed Benali,3,Constantine,East
C0884,Imane Haddad,4,Annaba,East
C0885,Fares Zerrouki,6,Setif,East
C0886,Amel Mansouri,10,Ghardaia,South
C0887,Khadidja Djerbal,9,Biskra,South
C0888,Lina Bouzid,9,Biskra,South
C0889,Zineb Mebarki,2,Oran,West
C0890,Lina Mansouri,9,Biskra,South
C0891,Rym Amrani,5,Ouargla,South
C0892,Amel Saidi,12,Skikda,East
C0893,Rym Bouchareb,9,Biskra,South
C0894,Mehdi Benali,11,Guelma,East
C0895,Mohamed Mansouri,8,Tlemcen,West
C0896,Houda Boukhalfa,8,Tlemcen,West
C0897,Nour Chaouch,2,Oran,West
C0898,Omar Toumi,2,Oran,West
C0899,Mehdi Zerrouki,6,Setif,East
C0900,Aya Mansouri,6,Setif,East
C0901,Lina Brahami,8,Tlemcen,West
C0902,Mehdi Mansouri,7,Bejaia,North
C0903,Meriem Talbi,4,Annaba,East
C0904,Khadidja Saidi,8,Tlemcen,West
C0905,Rym Haddad,12,Skikda,East
C0906,Yacine Bouzid,8,Tlemcen,West
C0907,Fares Amrani,8,Tlemcen,West
C0908,Nour Bouzid,3,Constantine,East
C0909,Aya Kherief,6,Setif,East
C0910,Khadidja Djedid,1,Alger,North
C0911,Lina Talbi,5,Ouargla,South
C0912,Zineb Diaf,8,Tlemcen,West
C0913,Omar Mekki,12,Skikda,East
C0914,Zineb Talbi,10,Ghardaia,South
C0915,Khadidja Diaf,10,Ghardaia,South
C0916,Khaled Djedid,2,Oran,West
C0917,Omar Oukil,2,Oran,West
C0918,Youcef Toumi,8,Tlemcen,West
C0919,Youcef Bouchareb,4,Annaba,East
C0920,Samia Bouzid,5,Ouargla,South
C0921,Meriem Diaf,4,Annaba,East
C0922,Meriem Oukil,6,Setif,East
C0923,Amel Chaouch,3,Constantine,East
C0924,Manel Guellil,7,Bejaia,North
C0925,Chahinez Mekki,2,Oran,West
C0926,Karim Mansouri,8,Tlemcen,West
C0927,Sofiane Mebarki,4,Annaba,East
C0928,Lotfi Bouchareb,1,Alger,North
C0929,Omar Guellil,3,Constantine,East
C0930,Fares Diaf,2,Oran,West
C0931,Rym Mekki,10,Ghardaia,South
C0932,Imane Benali,4,Annaba,East
C0933,Mehdi Mansouri,3,Constantine,East
C0934,Yacine Benali,4,Annaba,East
C0935,Chahinez Amrani,4,Annaba,East
C0936,Rym Saidi,9,Biskra,South
C0937,Youcef Mebarki,11,Guelma,East
C0938,Yacine Djedid,1,Alger,North
C0939,Manel Diaf,8,Tlemcen,West
C0940,Manel Talbi,2,Oran,West
C0941,Walid Haddad,8,Tlemcen,West
C0942,Sami Diaf,3,Constantine,East
C0943,Billel Brahami,5,Ouargla,South
C0944,Lina Oukil,6,Setif,East
C0945,Sami Khelifa,2,Oran,West
C0946,Aya Khelifa,4,Annaba,East
C0947,Nour Chaouch,11,Guelma,East
C0948,Imane Talbi,12,Skikda,East
C0949,Aya Toumi,10,Ghardaia,South
C0950,Hichem Amrani,11,Guelma,East
C0951,Meriem Zerrouki,9,Biskra,South
C0952,Ryad Bouchareb,12,Skikda,East
C0953,Khadidja Mansouri,2,Oran,West
C0954,Manel Haddad,8,Tlemcen,West
C0955,Fares Brahami,7,Bejaia,North
C0956,Zineb Saidi,6,Setif,East
C0957,Sofiane Djerbal,3,Constantine,East
C0958,Karim Toumi,6,Setif,East
C0959,Mehdi Diaf,10,Ghardaia,South
C0960,Asma Oukil,12,Skikda,East
C0961,Manel Oukil,4,Annaba,East
C0962,Ryad Khelifa,10,Ghardaia,South
C0963,Amel Brahami,1,Alger,North
C0964,Amel Bouchareb,10,Ghardaia,South
C0965,Fatima Talbi,4,Annaba,East
C0966,Khaled Mansouri,11,Guelma,East
C0967,Mohamed Kherief,2,Oran,West
C0968,Sofiane Toumi,12,Skikda,East
C0969,Lotfi Mebarki,9,Biskra,South
C0970,Imane Djedid,7,Bejaia,North
C0971,Khaled Zerrouki,9,Biskra,South
C0972,Manel Mebarki,2,Oran,West
C0973,Samia Guellil,9,Biskra,South
C0974,Nabil Talbi,6,Setif,East
C0975,Khadidja Mansouri,12,Skikda,East
C0976,Amine Bouzid,4,Annaba,East
C0977,Walid Benali,2,Oran,West
C0978,Imane Zerrouki,8,Tlemcen,West
C0979,Yasmine Bouchareb,1,Alger,North
C0980,Fares Talbi,4,Annaba,East
C0981,Ryad Diaf,7,Bejaia,North
C0982,Khaled Mebarki,9,Biskra,South
C0983,Karim Rahmani,4,Annaba,East
C0984,Sami Mansouri,11,Guelma,East
C0985,Walid Haddad,1,Alger,North
C0986,Khadidja Boukhalfa,2,Oran,West
C0987,Yasmine Saidi,9,Biskra,South
C0988,Hichem Benali,2,Oran,West
C0989,Nabil Zerrouki,12,Skikda,East
C0990,Manel Bouchareb,4,Annaba,East
C0991,Nour Mansouri,6,Setif,East
C0992,Youcef Mansouri,1,Alger,North
C0993,Billel Toumi,5,Ouargla,South
C0994,Khaled Talbi,5,Ouargla,South
C0995,Nabil Djedid,11,Guelma,East
C0996,Khaled Talbi,11,Guelma,East
C0997,Khadidja Saidi,3,Constantine,East
C0998,Yasmine Boukhalfa,4,Annaba,East
C0999,Yasmine Zerrouki,1,Alger,North
C1000,Mehdi Mansouri,12,Skikda,East
C1001,Sami Oukil,8,Tlemcen,West
C1002,Sofiane Khelifa,12,Skikda,East
C1003,Meriem Bouzid,7,Bejaia,North
C1004,Amine Rahmani,1,Alger,North
C1005,Amel Mekki,4,Annaba,East
C1006,Sofiane Djerbal,10,Ghardaia,South
C1007,Mohamed Guellil,3,Constantine,East
C1008,Hichem Rahmani,11,Guelma,East
C1009,Ryad Bouchareb,6,Setif,East
C1010,Sarah Brahami,8,Tlemcen,West
C1011,Fatima Boukhalfa,4,Annaba,East
C1012,Hichem Benali,12,Skikda,East
C1013,Mohamed Chaouch,9,Biskra,South
C1014,Karim Toumi,1,Alger,North
C1015,Manel Khelifa,2,Oran,West
C1016,Yacine Mebarki,7,Bejaia,North
C1017,Walid Haddad,3,Constantine,East
C1018,Lina Mansouri,8,Tlemcen,West
C1019,Billel Khelifa,2,Oran,West
C1020,Meriem Guellil,3,Constantine,East
C1021,Karim Toumi,8,Tlemcen,West
C1022,Mohamed Mebarki,4,Annaba,East
C1023,Fatima Guellil,12,Skikda,East
C1024,Sofiane Khelifa,9,Biskra,South
C1025,Houda Mekki,10,Ghardaia,South
C1026,Karim Mansouri,6,Setif,East
C1027,Manel Diaf,10,Ghardaia,South
C1028,Yacine Talbi,12,Skikda,East
C1029,Yacine Haddad,9,Biskra,South
C1030,Hichem Saidi,3,Constantine,East
C1031,Lotfi Mansouri,7,Bejaia,North
C1032,Lotfi Djerbal,3,Constantine,East
C1033,Chahinez Haddad,1,Alger,North
C1034,Nabil Guellil,12,Skikda,East
C1035,Rym Mansouri,7,Bejaia,North
C1036,Meriem Haddad,7,Bejaia,North
C1037,Nour Haddad,3,Constantine,East
C1038,Karim Toumi,3,Constantine,East
C1039,Hichem Bouchareb,7,Bejaia,North
C1040,Khaled Boukhalfa,4,Annaba,East
C1041,Amine Mansouri,10,Ghardaia,South
C1042,Amel Talbi,11,Guelma,East
C1043,Nour Bouchareb,10,Ghardaia,South
C1044,Yasmine Rahmani,11,Guelma,East
C1045,Nour Bouzid,4,Annaba,East
C1046,Lotfi Mekki,10,Ghardaia,South
C1047,Walid Bouzid,12,Skikda,East
C1048,Lotfi Brahami,11,Guelma,East
C1049,Fatima Chaouch,6,Setif,East
C1050,Samia Boukhalfa,11,Guelma,East
C1051,Houda Rahmani,5,Ouargla,South
C1052,Nabil Djedid,12,Skikda,East
C1053,Youcef Mansouri,1,Alger,North
C1054,Chahinez Rahmani,12,Skikda,East
C1055,Lotfi Amrani,4,Annaba,East
C1056,Fares Mansouri,11,Guelma,East
C1057,Sarah Boukhalfa,11,Guelma,East
C1058,Fares Talbi,6,Setif,East
C1059,Zineb Djedid,8,Tlemcen,West
C1060,Lina Oukil,6,Setif,East
C1061,Ryad Mebarki,10,Ghardaia,South
C1062,Hichem Mebarki,1,Alger,North
C1063,Nabil Benali,9,Biskra,South
C1064,Hichem Brahami,7,Bejaia,North
C1065,Zineb Diaf,9,Biskra,South
C1066,Ryad Rahmani,2,Oran,West
C1067,Aya Oukil,2,Oran,West
C1068,Samia Amrani,10,Ghardaia,South
C1069,Billel Mansouri,2,Oran,West
C1070,Sami Khelifa,6,Setif,East
C1071,Fares Saidi,1,Alger,North
C1072,Billel Zerrouki,6,Setif,East
C1073,Manel Djerbal,9,Biskra,South
C1074,Houda Oukil,12,Skikda,East
C1075,Yasmine Zerrouki,8,Tlemcen,West
C1076,Amine Haddad,12,Skikda,East
C1077,Karim Haddad,1,Alger,North
C1078,Khadidja Boukhalfa,8,Tlemcen,West
C1079,Billel Mansouri,12,Skikda,East
C1080,Fares Mebarki,11,Guelma,East
C1081,Imane Bouzid,8,Tlemcen,West
C1082,Mohamed Oukil,11,Guelma,East
C1083,Lotfi Talbi,9,Biskra,South
C1084,Yasmine Khelifa,8,Tlemcen,West
C1085,Mehdi Mansouri,6,Setif,East
C1086,Lotfi Djerbal,7,Bejaia,North
C1087,Mohamed Mekki,4,Annaba,East
C1088,Lotfi Boukhalfa,8,Tlemcen,West
C1089,Asma Talbi,12,Skikda,East
C1090,Fares Khelifa,10,Ghardaia,South
C1091,Amel Brahami,10,Ghardaia,South
C1092,Lotfi Haddad,2,Oran,West
C1093,Sarah Saidi,2,Oran,West
C1094,Amine Benali,5,Ouargla,South
C1095,Ryad Bouchareb,11,Guelma,East
C1096,Sarah Mebarki,11,Guelma,East
C1097,Lotfi Haddad,4,Annaba,East
C1098,Youcef Haddad,9,Biskra,South
C1099,Houda Kherief,8,Tlemcen,West
C1100,Imane Mekki,3,Constantine,East
C1101,Yacine Bouzid,1,Alger,North
C1102,Amel Mekki,5,Ouargla,South
C1103,Karim Diaf,12,Skikda,East
C1104,Sami Benali,7,Bejaia,North
C1105,Meriem Brahami,4,Annaba,East
C1106,Amel Mebarki,12,Skikda,East
C1107,Khaled Brahami,10,Ghardaia,South
C1108,Mohamed Guellil,4,Annaba,East
C1109,Mohamed Djerbal,2,Oran,West
C1110,Zineb Kherief,6,Setif,East
C1111,Nabil Djedid,2,Oran,West
C1112,Hichem Mekki,7,Bejaia,North
C1113,Mehdi Mansouri,3,Constantine,East
C1114,Nabil Brahami,6,Setif,East
C1115,Mohamed Benali,3,Constantine,East
C1116,Hichem Boukhalfa,8,Tlemcen,West
C1117,Amel Kherief,7,Bejaia,North
C1118,Amine Bouzid,10,Ghardaia,South
C1119,Amel Brahami,11,Guelma,East
C1120,Hichem Mansouri,10,Ghardaia,South
C1121,Fares Oukil,10,Ghardaia,South
C1122,Walid Saidi,11,Guelma,East
C1123,Lotfi Kherief,3,Constantine,East
C1124,Manel Zerrouki,8,Tlemcen,West
C1125,Nabil Amrani,6,Setif,East
C1126,Imane Bouzid,8,Tlemcen,West
C1127,Sarah Guellil,9,Biskra,South
C1128,Ryad Mebarki,1,Alger,North
C1129,Hichem Boukhalfa,6,Setif,East
C1130,Youcef Bouzid,12,Skikda,East
C1131,Yasmine Djerbal,10,Ghardaia,South
C1132,Lina Guellil,8,Tlemcen,West
C1133,Rym Mebarki,7,Bejaia,North
C1134,Mehdi Boukhalfa,6,Setif,East
C1135,Sami Boukhalfa,6,Setif,East
C1136,Hichem Zerrouki,6,Setif,East
C1137,Walid Benali,7,Bejaia,North
C1138,Yacine Diaf,9,Biskra,South
C1139,Billel Benali,11,Guelma,East
C1140,Nabil Djedid,7,Bejaia,North
C1141,Fatima Diaf,8,Tlemcen,West
C1142,Amel Zerrouki,2,Oran,West
C1143,Khadidja Talbi,5,Ouargla,South
C1144,Sami Chaouch,1,Alger,North
C1145,Meriem Bouchareb,6,Setif,East
C1146,Mohamed Khelifa,3,Constantine,East
C1147,Sarah Guellil,1,Alger,North
C1148,Amel Amrani,11,Guelma,East
C1149,Amel Oukil,10,Ghardaia,South
C1150,Yasmine Bouzid,6,Setif,East
C1151,Manel Haddad,8,Tlemcen,West
C1152,Fatima Mebarki,6,Setif,East
C1153,Mehdi Boukhalfa,1,Alger,North
C1154,Mehdi Mebarki,3,Constantine,East
C1155,Amine Haddad,4,Annaba,East
C1156,Amel Toumi,1,Alger,North
C1157,Nabil Oukil,5,Ouargla,South
C1158,Nour Khelifa,10,Ghardaia,South
C1159,Khaled Zerrouki,4,Annaba,East
C1160,Sofiane Mansouri,6,Setif,East
C1161,Omar Mansouri,9,Biskra,South
C1162,Yacine Djerbal,12,Skikda,East
C1163,Karim Boukhalfa,4,Annaba,East
C1164,Fatima Djedid,7,Bejaia,North
C1165,Billel Bouzid,9,Biskra,South
C1166,Yasmine Talbi,3,Constantine,East
C1167,Manel Khelifa,4,Annaba,East
C1168,Hichem Oukil,2,Oran,West
C1169,Khadidja Toumi,3,Constantine,East
C1170,Karim Mansouri,6,Setif,East
C1171,Rym Guellil,6,Setif,East
C1172,Meriem Mekki,11,Guelma,East
C1173,Khadidja Bouzid,8,Tlemcen,West
C1174,Imane Benali,11,Guelma,East
C1175,Amine Djedid,11,Guelma,East
C1176,Asma Oukil,3,Constantine,East
C1177,Mehdi Diaf,2,Oran,West
C1178,Meriem Brahami,9,Biskra,South
C1179,Lina Bouchareb,4,Annaba,East
C1180,Sofiane Oukil,6,Setif,East
C1181,Nour Toumi,9,Biskra,South
C1182,Karim Djerbal,3,Constantine,East
C1183,Nabil Diaf,6,Setif,East
C1184,Fares Brahami,5,Ouargla,South
C1185,Khadidja Kherief,4,Annaba,East
C1186,Mohamed Haddad,6,Setif,East
C1187,Samia Mansouri,9,Biskra,South
C1188,Walid Djedid,1,Alger,North
C1189,Amel Guellil,2,Oran,West
C1190,Aya Djedid,2,Oran,West
C1191,Khaled Oukil,4,Annaba,East
C1192,Amel Bouchareb,3,Constantine,East
C1193,Lina Guellil,4,Annaba,East
C1194,Manel Brahami,8,Tlemcen,West
C1195,Aya Amrani,8,Tlemcen,West
C1196,Mohamed Amrani,1,Alger,North
C1197,Aya Chaouch,9,Biskra,South
C1198,Asma Djedid,12,Skikda,East
C1199,Karim Rahmani,8,Tlemcen,West
C1200,Meriem Bouzid,6,Setif,East
